{"cameraMode":{"drawMode":0,"name":"Shaded","section":"Shading Mode"},"sceneLighting":false,"audioPlay":false,"sceneViewState":{"m_AlwaysRefresh":false,"showFog":true,"showSkybox":true,"showFlares":true,"showImageEffects":true,"showParticleSystems":true,"showVisualEffectGraphs":true,"m_FxEnabled":true},"in2DMode":false,"pivot":{"x":-1.2507832050323487,"y":5.4911699295043949,"z":319.45751953125},"rotation":{"x":0.000044999313104199246,"y":0.9999539852142334,"z":-0.0074997954070568089,"w":0.005999795626848936},"size":0.016631143167614938,"orthographic":true}